Workbook

Sheet Tracker Board
A1: ID | B1: Title | C1: Owner | D1: Type | E1: Status | F1: Priority | G1: Team | H1: Source | I1: Notes | J1: Created | K1: Updated
A2: 1 | B2: Fix account switcher on template project | C2: Muhammad Ahmed | D2: Bug/Fix | E2: In Progress | F2: High | G2: Core API Team | H2: Zoom - API Design & FE Updates (Mar 2) | I2: Code is on staging, needs to be updated in template project. Test and release once merged. | J2: 2026-03-02
A3: 2 | B3: Test 5% markup on .be and .me environments | C3: Priyanka | D3: Action Item | E3: In Progress | F3: High | G3: Core API Team | H3: Zoom - API Design & FE Updates (Mar 2) | I3: 5% markup working on staging. Need to verify on B and ME environments before production. | J3: 2026-03-02
A4: 3 | B4: Coordinate with Kirill to merge 5% markup to production | C4: Priyanka | D4: Action Item | E4: In Progress | F4: High | G4: Auth / Backend | H4: Zoom - API Design & FE Updates (Mar 2) | I4: Frontend update depends on Kirill's backend PR being deployed first. | J4: 2026-03-02
A5: 4 | B5: Finalize and send developer communication email | C5: Priyanka | D5: Action Item | E5: In Progress | F5: High | G5: HubSpot / Marketing | H5: Zoom - Daily Catchup (Mar 2) | I5: HTML and simplified versions prepared. Include new email ID requirement for account creation. Needs Ashkan's line-by-line review before sending. | J5: 2026-03-02
A6: 5 | B6: Deprioritize .me and .be domains — focus on .com | C6: Ashkan | D6: Product Decision | E6: Done | F6: High | G6: Core API Team | H6: Zoom - Daily Catchup (Mar 2) | I6: Ongoing technical problems with .me and .be. Post note in team chat confirming focus on .com. | J6: 2026-03-02
A7: 6 | B7: Lipika to start Connected Apps on trader's dashboard | C7: Lipika | D7: Action Item | E7: Backlog | F7: High | G7: Auth / Backend | H7: Zoom - Daily Catchup (Mar 2) | I7: Connected Apps first, API token tasks to follow. Ashkan to share task list for Lipika's team. | J7: 2026-03-02
A8: 7 | B8: Push back on mandatory 2FA for PAT creation | C8: Ashkan | D8: Product Decision | E8: In Progress | F8: Medium | G8: Core API Team | H8: Zoom - Daily Catchup (Mar 2) | I8: Poor UX concern. Park the requirement for later discussion with Security team. | J8: 2026-03-02
A9: 8 | B9: Investigate app_id trade-capture gap in OptionDB | C9: Eswara Battula | D9: Bug/Fix | E9: Blocked | F9: High | G9: BI / Data | H9: Overseer - Zoom Meeting (Mar 2) | I9: V2 app IDs (alphanumeric) not appearing in OptionDB. Legacy numeric app_id showing instead. Eswara to confirm with Data Engineering how V2 app IDs are persisted. BLOCKER: Cannot do post-migration reporting without this fix. | J9: 2026-03-02
A10: 9 | B10: Escalate missing V2 app_id in OptionDB to JB | C10: Ashkan | D10: Action Item | E10: In Progress | F10: High | G10: Core API Team | H10: Overseer - Zoom Meeting (Mar 2) | I10: Post in channel summarizing that v2 app IDs are not present in OptionDB trade data. Tag JB, CC Priyanka and Eswara. | J10: 2026-03-02
A11: 10 | B11: Add detailed OptionDB query examples to escalation thread | C11: Eswara Battula | D11: Action Item | E11: Backlog | F11: High | G11: BI / Data | H11: Overseer - Zoom Meeting (Mar 2) | I11: Reply in thread with sample queries, tables, examples showing legacy numeric app_id and missing v2 identifier. | J11: 2026-03-02
A12: 11 | B12: Remove redundant X button from UI | C12: Priyanka | D12: Bug/Fix | E12: In Progress | F12: Medium | G12: Design (Figma) | H12: Overseer - Zoom Meeting (Mar 2) | I12: X button was not in approved design. Approve and communicate removal to implementing team. | J12: 2026-03-02
A13: 12 | B13: Fix permissions list not reflecting requested permissions | C13: Priyanka | D13: Bug/Fix | E13: Backlog | F13: Medium | G13: Core API Team | H13: Overseer - Zoom Meeting (Mar 2) | I13: Permissions list mismatch. Investigate and provide fix or change request. | J13: 2026-03-02
... A52: 51 | B52: Update documentation: make 5% markup commission more visible | C52: Priyanka | D52: Documentation | E52: Backlog | F52: Low | G52: Core API Team | H52: Meeting - AN-PS (Feb 23) | I52: Update the documentation as discussed to highlight the 5% markup commission. | J52: 2026-03-02

Sheet Dashboard
A1: Deriv API V2 — Live Team Tracker
A2: Last sync: Mar 2, 2026 3:30 PM · Sources: Slack (7 ch) · Overseer · Zoom · Project Files
A4: =COUNTIF('Tracker Board'!E:E,"Backlog") -> 21 | B4: =COUNTIF('Tracker Board'!E:E,"In Progress") -> 23 | C4: =COUNTIF('Tracker Board'!E:E,"Blocked") -> 2 | D4: =COUNTIF('Tracker Board'!E:E,"In Review") -> 1 | E4: =COUNTIF('Tracker Board'!E:E,"Done") -> 4
A5: Backlog | B5: In Progress | C5: Blocked | D5: In Review | E5: Done
A7: By Team
A8: Team | B8: Total | C8: In Progress | D8: Blocked | E8: Done
A9: Core API Team | B9: =COUNTIF('Tracker Board'!G:G,A9) -> 18 | C9: =COUNTIFS('Tracker Board'!G:G,A9,'Tracker Board'!E:E,"In Progress") -> 7 | D9: =COUNTIFS('Tracker Board'!G:G,A9,'Tracker Board'!E:E,"Blocked") -> 0 | E9: =COUNTIFS('Tracker Board'!G:G,A9,'Tracker Board'!E:E,"Done") -> 3
A10: Auth / Backend | B10: =COUNTIF('Tracker Board'!G:G,A10) -> 10 | C10: =COUNTIFS('Tracker Board'!G:G,A10,'Tracker Board'!E:E,"In Progress") -> 4 | D10: =COUNTIFS('Tracker Board'!G:G,A10,'Tracker Board'!E:E,"Blocked") -> 0 | E10: =COUNTIFS('Tracker Board'!G:G,A10,'Tracker Board'!E:E,"Done") -> 1
A11: Design (Figma) | B11: =COUNTIF('Tracker Board'!G:G,A11) -> 5 | C11: =COUNTIFS('Tracker Board'!G:G,A11,'Tracker Board'!E:E,"In Progress") -> 4 | D11: =COUNTIFS('Tracker Board'!G:G,A11,'Tracker Board'!E:E,"Blocked") -> 0 | E11: =COUNTIFS('Tracker Board'!G:G,A11,'Tracker Board'!E:E,"Done") -> 0
A12: Partners / Biz Dev | B12: =COUNTIF('Tracker Board'!G:G,A12) -> 5 | C12: =COUNTIFS('Tracker Board'!G:G,A12,'Tracker Board'!E:E,"In Progress") -> 1 | D12: =COUNTIFS('Tracker Board'!G:G,A12,'Tracker Board'!E:E,"Blocked") -> 0 | E12: =COUNTIFS('Tracker Board'!G:G,A12,'Tracker Board'!E:E,"Done") -> 0
A13: HubSpot / Marketing | B13: =COUNTIF('Tracker Board'!G:G,A13) -> 3 | C13: =COUNTIFS('Tracker Board'!G:G,A13,'Tracker Board'!E:E,"In Progress") -> 2 | D13: =COUNTIFS('Tracker Board'!G:G,A13,'Tracker Board'!E:E,"Blocked") -> 0 | E13: =COUNTIFS('Tracker Board'!G:G,A13,'Tracker Board'!E:E,"Done") -> 0
A14: BI / Data | B14: =COUNTIF('Tracker Board'!G:G,A14) -> 3 | C14: =COUNTIFS('Tracker Board'!G:G,A14,'Tracker Board'!E:E,"In Progress") -> 1 | D14: =COUNTIFS('Tracker Board'!G:G,A14,'Tracker Board'!E:E,"Blocked") -> 1 | E14: =COUNTIFS('Tracker Board'!G:G,A14,'Tracker Board'!E:E,"Done") -> 0
A15: Support (Intercom) | B15: =COUNTIF('Tracker Board'!G:G,A15) -> 3 | C15: =COUNTIFS('Tracker Board'!G:G,A15,'Tracker Board'!E:E,"In Progress") -> 1 | D15: =COUNTIFS('Tracker Board'!G:G,A15,'Tracker Board'!E:E,"Blocked") -> 0 | E15: =COUNTIFS('Tracker Board'!G:G,A15,'Tracker Board'!E:E,"Done") -> 0
A16: Compliance / Legal | B16: =COUNTIF('Tracker Board'!G:G,A16) -> 2 | C16: =COUNTIFS('Tracker Board'!G:G,A16,'Tracker Board'!E:E,"In Progress") -> 2 | D16: =COUNTIFS('Tracker Board'!G:G,A16,'Tracker Board'!E:E,"Blocked") -> 0 | E16: =COUNTIFS('Tracker Board'!G:G,A16,'Tracker Board'!E:E,"Done") -> 0
A17: DevOps / IT Ops | B17: =COUNTIF('Tracker Board'!G:G,A17) -> 2 | C17: =COUNTIFS('Tracker Board'!G:G,A17,'Tracker Board'!E:E,"In Progress") -> 1 | D17: =COUNTIFS('Tracker Board'!G:G,A17,'Tracker Board'!E:E,"Blocked") -> 1 | E17: =COUNTIFS('Tracker Board'!G:G,A17,'Tracker Board'!E:E,"Done") -> 0
A20: By Owner
A21: Owner | B21: Total | C21: High Priority | D21: In Progress | E21: Blocked
A22: Priyanka | B22: =COUNTIF('Tracker Board'!C:C,A22) -> 15 | C22: =COUNTIFS('Tracker Board'!C:C,A22,'Tracker Board'!F:F,"High") -> 6 | D22: =COUNTIFS('Tracker Board'!C:C,A22,'Tracker Board'!E:E,"In Progress") -> 8 | E22: =COUNTIFS('Tracker Board'!C:C,A22,'Tracker Board'!E:E,"Blocked") -> 0
A23: Ashkan | B23: =COUNTIF('Tracker Board'!C:C,A23) -> 15 | C23: =COUNTIFS('Tracker Board'!C:C,A23,'Tracker Board'!F:F,"High") -> 6 | D23: =COUNTIFS('Tracker Board'!C:C,A23,'Tracker Board'!E:E,"In Progress") -> 6 | E23: =COUNTIFS('Tracker Board'!C:C,A23,'Tracker Board'!E:E,"Blocked") -> 0
A24: Muhammad Ahmed | B24: =COUNTIF('Tracker Board'!C:C,A24) -> 4 | C24: =COUNTIFS('Tracker Board'!C:C,A24,'Tracker Board'!F:F,"High") -> 2 | D24: =COUNTIFS('Tracker Board'!C:C,A24,'Tracker Board'!E:E,"In Progress") -> 1 | E24: =COUNTIFS('Tracker Board'!C:C,A24,'Tracker Board'!E:E,"Blocked") -> 1
A25: Manros | B25: =COUNTIF('Tracker Board'!C:C,A25) -> 4 | C25: =COUNTIFS('Tracker Board'!C:C,A25,'Tracker Board'!F:F,"High") -> 1 | D25: =COUNTIFS('Tracker Board'!C:C,A25,'Tracker Board'!E:E,"In Progress") -> 3 | E25: =COUNTIFS('Tracker Board'!C:C,A25,'Tracker Board'!E:E,"Blocked") -> 0
A26: Eswara Battula | B26: =COUNTIF('Tracker Board'!C:C,A26) -> 2 | C26: =COUNTIFS('Tracker Board'!C:C,A26,'Tracker Board'!F:F,"High") -> 2 | D26: =COUNTIFS('Tracker Board'!C:C,A26,'Tracker Board'!E:E,"In Progress") -> 0 | E26: =COUNTIFS('Tracker Board'!C:C,A26,'Tracker Board'!E:E,"Blocked") -> 1
A27: Lipika | B27: =COUNTIF('Tracker Board'!C:C,A27) -> 1 | C27: =COUNTIFS('Tracker Board'!C:C,A27,'Tracker Board'!F:F,"High") -> 1 | D27: =COUNTIFS('Tracker Board'!C:C,A27,'Tracker Board'!E:E,"In Progress") -> 0 | E27: =COUNTIFS('Tracker Board'!C:C,A27,'Tracker Board'!E:E,"Blocked") -> 0
A28: Backend team | B28: =COUNTIF('Tracker Board'!C:C,A28) -> 1 | C28: =COUNTIFS('Tracker Board'!C:C,A28,'Tracker Board'!F:F,"High") -> 0 | D28: =COUNTIFS('Tracker Board'!C:C,A28,'Tracker Board'!E:E,"In Progress") -> 0 | E28: =COUNTIFS('Tracker Board'!C:C,A28,'Tracker Board'!E:E,"Blocked") -> 0
A29: Ying Shan | B29: =COUNTIF('Tracker Board'!C:C,A29) -> 1 | C29: =COUNTIFS('Tracker Board'!C:C,A29,'Tracker Board'!F:F,"High") -> 1 | D29: =COUNTIFS('Tracker Board'!C:C,A29,'Tracker Board'!E:E,"In Progress") -> 0 | E29: =COUNTIFS('Tracker Board'!C:C,A29,'Tracker Board'!E:E,"Blocked") -> 0
A30: Kok (JB) | B30: =COUNTIF('Tracker Board'!C:C,A30) -> 1 | C30: =COUNTIFS('Tracker Board'!C:C,A30,'Tracker Board'!F:F,"High") -> 1 | D30: =COUNTIFS('Tracker Board'!C:C,A30,'Tracker Board'!E:E,"In Progress") -> 1 | E30: =COUNTIFS('Tracker Board'!C:C,A30,'Tracker Board'!E:E,"Blocked") -> 0
A31: Kirill | B31: =COUNTIF('Tracker Board'!C:C,A31) -> 1 | C31: =COUNTIFS('Tracker Board'!C:C,A31,'Tracker Board'!F:F,"High") -> 1 | D31: =COUNTIFS('Tracker Board'!C:C,A31,'Tracker Board'!E:E,"In Progress") -> 0 | E31: =COUNTIFS('Tracker Board'!C:C,A31,'Tracker Board'!E:E,"Blocked") -> 0
A32: Kirill / Ying Shan | B32: =COUNTIF('Tracker Board'!C:C,A32) -> 1 | C32: =COUNTIFS('Tracker Board'!C:C,A32,'Tracker Board'!F:F,"High") -> 1 | D32: =COUNTIFS('Tracker Board'!C:C,A32,'Tracker Board'!E:E,"In Progress") -> 1 | E32: =COUNTIFS('Tracker Board'!C:C,A32,'Tracker Board'!E:E,"Blocked") -> 0
A33: Bertrand | B33: =COUNTIF('Tracker Board'!C:C,A33) -> 1 | C33: =COUNTIFS('Tracker Board'!C:C,A33,'Tracker Board'!F:F,"High") -> 0 | D33: =COUNTIFS('Tracker Board'!C:C,A33,'Tracker Board'!E:E,"In Progress") -> 1 | E33: =COUNTIFS('Tracker Board'!C:C,A33,'Tracker Board'!E:E,"Blocked") -> 0
... A37: Dmitry | B37: =COUNTIF('Tracker Board'!C:C,A37) -> 1 | C37: =COUNTIFS('Tracker Board'!C:C,A37,'Tracker Board'!F:F,"High") -> 0 | D37: =COUNTIFS('Tracker Board'!C:C,A37,'Tracker Board'!E:E,"In Progress") -> 0 | E37: =COUNTIFS('Tracker Board'!C:C,A37,'Tracker Board'!E:E,"Blocked") -> 0

Sheet Team Scratchpad
A1: Team Scratchpad — Open Questions, Decisions & Dependencies
A3: Core API Team
B4: Open Questions | C4: Decisions Made | D4: Dependencies
A5: 1 | B5: Should we support .me and .be or fully deprioritize? | C5: Deprioritize .me and .be — focus on .com | D5: JB: Store V2 app_id in OptionDB
A6: 2 | B6: When will new signups be pointed to developers.deriv.com? | C6: Cashier/P2P APIs remain internal | D6: Kirill: Backend PR for 5% markup
A7: 3 | B7: What is the timeline for 5% markup revert to 3%? | C7: Push back on mandatory 2FA for PAT creation | D7: Ahmed: Account switcher fix
A8: 4 | C8: 5% markup live — revert to 3% in April | D8: JP: Trade-capture path review
A10: BI / Data
B11: Open Questions | C11: Decisions Made | D11: Dependencies
A12: 1 | B12: How are V2 app IDs persisted in trading data? | C12: Post-migration measured by trading KPIs not signups | D12: Data Engineering: V2 app ID persistence
A13: 2 | B13: Is markup recorded for alphanumeric app IDs? | C13: Legacy numeric app_id cannot be used for V2 reporting | D13: Core team (Ronak): Column mapping and backfill
A15: Auth / Backend
B16: Open Questions | C16: Decisions Made | D16: Dependencies
A17: 1 | B17: Will JB validation reject markup above 3%? | C17: Lipika starts Connected Apps first, API tokens follow | D17: Kirill: 5% backend PR to production
A18: 2 | B18: When can Lipika start Connected Apps? | C18: Email notification on app registration with T&C | D18: Kirill: Eventbus endpoints data to Govi
A20: Partners / Biz Dev
B21: Open Questions | C21: Decisions Made | D21: Dependencies
A22: 1 | B22: Who calculates V2 partner commissions long-term? | C22: 5% commission (temp), revert to 3% later | D22: Govi: V2 markup payment handling
A23: 2 | B23: How to link dev accounts to partner accounts? | C23: Extra 2% from client's bucket, not company's | D23: Bilal: Account linking
A24: 3 | D24: Tristan: Commission process
A26: HubSpot / Marketing
B27: Open Questions | C27: Decisions Made | D27: Dependencies
A28: 1 | B28: When is HubSpot email setup ready? | C28: Email needs multi-level review before sending | D28: Manahel: HubSpot setup
A29: 2 | C29: Top developers first, then all developers | D29: Ashkan: Line-by-line email review
A31: Design (Figma)
B32: Open Questions | C32: Decisions Made | D32: Dependencies
A33: 1 | B33: Where to place T&C in new dashboard? | C33: T&C checkbox per app, not per user | D33: Manros: App builder design for Nigel
A34: 2 | C34: X button removed from UI | D34: Manros: Migration banner design
A36: Support (Intercom)
B37: Open Questions | C37: Decisions Made | D37: Dependencies
A38: 1 | B38: How to identify API partners vs regular developers? | C38: Disable Telegram public discussions | D38: Dmitry: Intercom inbox automation
A39: 2 | B39: SOP for V1 vs V2 ticket routing? | C39: Handle inquiries privately

Sheet Sync Log
A1: Sync Log — Data Source History
A3: Timestamp | B3: Source Type | C3: Source Name | D3: Items Added | E3: Notes
A4: 2026-03-02 15:30 | B4: Slack | C4: #project_deriv_api_v2 | D4: 14 | E4: Weekly priorities, V2 dashboard errors, developer feedback
A5: 2026-03-02 15:30 | B5: Slack | C5: #api_customer_support | D5: 3 | E5: Duplicate accounts, Intercom automation, ticket routing
A6: 2026-03-02 15:30 | B6: Slack | C6: #task_apiv2_markupcommissions | D6: 2 | E6: Eventbus endpoints, data for Govi
A7: 2026-03-02 15:30 | B7: Slack | C7: #task_api_v2_website | D7: 5 | E7: Octomind, staging URLs, CNAME fixes, migration banner
A8: 2026-03-02 15:30 | B8: Slack | C8: #task_apiv2_hubspot | D8: 0 | E8: New channel — no messages yet
A9: 2026-03-02 15:30 | B9: Slack | C9: #task_apiv2_seo | D9: 0 | E9: New channel — no messages yet
A10: 2026-03-02 15:30 | B10: Slack | C10: #task_apiv2_partners | D10: 0 | E10: New channel — no messages yet
A11: 2026-03-02 15:30 | B11: Email | C11: Overseer Meeting Minutes | D11: 12 | E11: 4 meeting summaries from Feb 27 + Mar 2
A12: 2026-03-02 15:30 | B12: Email | C12: Zoom Meeting Assets | D12: 8 | E12: API Design & FE Updates, Daily Catchup (Mar 2)
A13: 2026-03-02 15:30 | B13: Files | C13: Project Docs (12 recent) | D13: 15 | E13: AM-PS, AN-PS, MA-PS, Manros-PS, Commissions, API Design meetings

Sheet Sync Config
A1: Sync Source Configuration
A3: Slack Channels
A4: Channel | B4: Channel ID | C4: Status | D4: Last Synced
A5: #project_deriv_api_v2 | B5: C08H3AYCDM3 | C5: Active | D5: 2026-03-02
A6: #api_customer_support | B6: C0A7NK0S5N3 | C6: Active | D6: 2026-03-02
A7: #task_apiv2_markupcommissions | B7: C0AJASV065P | C7: Active | D7: 2026-03-02
A8: #task_api_v2_website | B8: C09QFK3SA5V | C8: Active | D8: 2026-03-02
A9: #task_apiv2_hubspot | B9: C0AJ0DSSYEA | C9: New | D9: 2026-03-02
A10: #task_apiv2_seo | B10: C0AJ2GAK142 | C10: New | D10: 2026-03-02
A11: #task_apiv2_partners | B11: C0AHW8DNX8B | C11: New | D11: 2026-03-02
A14: Email Sources
A15: Source | B15: Filter | C15: Status | D15: Last Synced
A16: Overseer Meeting Minutes | B16: from:overseer@deriv.com | C16: Active | D16: 2026-03-02
A17: Zoom Meeting Assets | B17: from:no-reply@zoom.us | C17: Active | D17: 2026-03-02
A19: Project Files
A20: Path | B20: API Meetings & Notes (75 docs)
A21: Recent synced | B21: 12 docs from last 7 days
